<?xml version="1.0" encoding="UTF-8" ?>
<!DOCTYPE log4j:configuration SYSTEM "log4j.dtd">

<log4j:configuration xmlns:log4j="http://jakarta.apache.org/log4j/" debug="false">
  <!-- 
  <appender name="console" class="org.apache.log4j.ConsoleAppender">
    <param name="Target" value="System.out" />
    <layout class="org.apache.log4j.PatternLayout">
      <param name="ConversionPattern" value="%d{yyyy/MM/dd HH.mm.ss.SSS} %-5p [%t] [%c{1}] %m%n" />
    </layout>
  </appender>
  -->
  <appender name="tomcat_view" class="org.apache.log4j.RollingFileAppender">
    <param name="File" value="${usm.home}/logs/view/tomcat_view.log" />
    <param name="MaxFileSize" value="20MB" />
    <param name="MaxBackupIndex" value="100" />
    <layout class="org.apache.log4j.PatternLayout">
      <param name="ConversionPattern" value="%d{yyyy/MM/dd HH.mm.ss.SSS} %-5p %t %c - %m%n" />
    </layout>
  </appender>

  <appender name="view" class="org.apache.log4j.RollingFileAppender">
    <param name="File" value="${usm.home}/logs/view.log" />
    <param name="MaxFileSize" value="20MB" />
    <param name="MaxBackupIndex" value="100" />
    <param name="Threshold" value="INFO" />
    <layout class="org.apache.log4j.PatternLayout">
      <param name="ConversionPattern" value="%d{yyyy/MM/dd HH.mm.ss.SSS} %-5p [%t] [%c{1}] %m%n" />
    </layout>
  </appender>

  <appender name="seeddata" class="org.apache.log4j.RollingFileAppender">
    <param name="File" value="${usm.home}/logs/install/seeddata.log" />
    <param name="MaxFileSize" value="20MB" />
    <param name="MaxBackupIndex" value="10" />
    <layout class="org.apache.log4j.PatternLayout">
      <param name="ConversionPattern" value="%d{yyyy/MM/dd HH.mm.ss.SSS} %-5p %m%n" />
    </layout>
  </appender>
  
  <appender name="memory" class="com.ca.usm.util.log.MemoryAppender">
    <param name="File" value="${usm.home}/logs/error.log" />
    <param name="MaxFileSize" value="10MB" />
    <param name="MaxBackupIndex" value="10" />
    <param name="MaxMemoryLogs" value="50000" /> <!-- Event logs count, default 50,000-->
    <param name="MaxMemoryTime" value="600000" /> <!-- Time in milliseconds, default 10 minutes -->
    <layout class="org.apache.log4j.PatternLayout">
      <param name="ConversionPattern" value="%d{yyyy/MM/dd HH.mm.ss.SSS} %-5p [%X{UNIQUEID}] [%t] [%c{1}] %m%n" />
    </layout>
  </appender> 

  <!-- Possible log levels are: OFF, FATAL, ERROR, WARN, INFO, DEBUG and TRACE -->
  <logger name="org.apache.catalina.core" additivity="false">
    <level value="INFO" />
    <appender-ref ref="tomcat_view" />
  </logger>
  <logger name="org.apache.catalina.session" additivity="false">
    <level value="INFO" />
    <appender-ref ref="tomcat_view" />
  </logger>

  <logger name="com.ca.usm.util.seeddata" additivity="false">
    <level value="INFO" />
    <appender-ref ref="seeddata" />
  </logger>

  <logger name="com.ca.crypto.impl.EncryptionUtil">
    <level value="OFF" />
  </logger>

  <logger name="com.ca.usm.util.syncutil.SyncUpUtility">
    <level value="INFO" />
  </logger>

  <logger name="com.ca">
    <level value="INFO" />
  </logger>
  
  <logger name="com.ca.usm">
    <level value="ALL" />
    <appender-ref ref="memory" />
  </logger>
  
  <logger name="com.ca.usm.httpfilter">
    <level value="INFO" />
  </logger>
    
  <logger name="net.sf.ehcache.pool.sizeof">
    <level value="ERROR" />
  </logger>
  
<!--  
  <logger name="org.eclipse">
    <level value="INFO" />
  </logger>

  <logger name="com.ca.usm.util.ViewManager">
    <level value="DEBUG" />
  </logger>
  <logger name="com.ca.usm.producer.DocumentGenerator">
    <level value="DEBUG" />
  </logger>
-->
  <root>
    <priority value="WARN" />
    <appender-ref ref="view" />
    <!-- appender-ref ref="console" /-->
  </root>
</log4j:configuration>
